date,total_pixels,water_percent,class1_percent,class2_percent,class3_percent
2016-10-01,759300,0.12372679816270786,0,0.09275607391672018,0.030970724245987683
2016-10-08,418839,0.11672858383165705,0,0.10141639641959775,0.015312187412059301
2016-11-09,492254,0.15400525626290607,0,0.14190578165011786,0.012099474612788213
2017-01-05,660689,0.998425665073583,0.8947500210824371,0.010328670071583274,0.09334697391953695
2017-03-01,454471,0.7781435762988501,0.1318464708074511,0.2778922225940579,0.36840488289738305
2017-04-02,447326,0.16261162601427154,4.472758271094971e-6,0.16106628803160822,0.0015408652243922175
2017-05-04,603817,0.21328056794979036,1.722804934573181e-4,0.21171844770623025,0.0013898397501027873
2017-05-20,546913,0.20229314770964804,3.657955169923079e-6,0.20085740030545324,0.0014320894490248855
2017-05-29,798546,0.17946184684624344,3.519843532381209e-4,0.17743104621360997,0.0016788162793953407
2017-06-05,506224,0.1695720508437921,1.976047667539296e-6,0.16848917672198058,0.001080898074143995
2017-06-21,433710,0.025316120562124116,2.99851686029414e-5,0.02422973483812524,0.0010564005553959355
2017-06-30,808514,0.17178330011052712,9.588373468011958e-4,0.16941960897357625,0.0014048537901496603
2017-07-07,494603,0.10749184600778587,1.8202247527868038e-5,0.10703881229153671,4.34831468721292e-4
2017-07-16,808514,0.16893941643777557,8.400652367458218e-4,0.16661067282977607,0.001488678371253692
2017-08-01,808475,0.16946809962944395,0,0.16715316899473298,0.00231493063471097
2017-08-08,523334,0.18794046091845032,0,0.18767668583238273,2.637750860675966e-4
2017-08-17,808514,0.16599035540384022,2.474418959486957e-6,0.1636928573999566,0.0022950235849241523
2017-08-24,527527,0.19050646061633725,0,0.19004378256513335,4.626780512038955e-4
2017-09-02,808515,0.1653617988068038,2.474415898116151e-6,0.1630061548717972,0.0023531695191084594
2017-09-09,535067,0.19866976080586718,0,0.19820425282140636,4.655079844608181e-4
2017-10-04,481304,0.18536867889261904,0,0.18279867311164383,0.0025700057809752053
2017-10-27,445280,0.16824032328403918,0,0.1681437167827679,9.66065012712898e-5
2017-12-07,808468,0.6644515022016355,0.037953094990880384,0.247216034111022,0.37928237309968765
2017-12-14,44662,0.8446722521698348,0,0.8446722521698348,0
2018-04-21,443997,0.1551280006673666,6.759476248919373e-6,0.1537963838463295,0.0013248573447881972
2018-05-07,400365,0.13192620312883613,7.496570906776866e-6,0.13091666491339016,0.0010020416445391744
2018-06-01,808514,0.1687517924072219,2.474418959486957e-6,0.16632809903640444,0.002421218951857987
2018-06-08,535695,0.12872343797833297,3.3610843446833344e-5,0.12743128777471027,0.0012585393601758706
2018-06-24,504525,0.10015928034274639,0,0.09976671067195138,3.9256967079501296e-4
2018-07-03,808506,0.16135859812549694,0,0.16016096749534547,0.0011976306301514378
2018-07-10,550418,0.16292361140983208,0,0.16265464884334938,2.6896256648270203e-4
2018-07-19,808515,0.1588845494210804,0,0.15821645712858906,6.680922924913607e-4
2018-07-26,584966,0.1864301867680431,0,0.18606767801110297,3.625087569401542e-4
2018-08-04,804776,0.15476489348925607,0,0.15432115756432102,4.437359249350294e-4
2018-08-11,562947,0.19242506612515062,0,0.19199151221005603,4.335539150946124e-4
2018-08-20,807324,0.1554469696668849,0,0.15487949223990424,5.674774269806322e-4
2018-08-27,493418,0.23816298485945078,0,0.23762172811351637,5.412567459344213e-4
2018-09-05,651954,0.1051912179056707,0,0.10456208425916826,6.291336465024469e-4
2018-09-21,604593,0.1657649326786987,0,0.1652686885365446,4.962441421541056e-4
2018-10-07,808515,0.16745356326756183,0,0.16690053131433286,5.530319532289597e-4
2018-10-14,504913,0.17457533163206088,0,0.17415135687500666,4.239747570542096e-4
2018-10-30,478515,0.18591714001099396,0,0.18556801961771377,3.49120393280184e-4
2018-11-08,806482,0.17206657263749459,0,0.17154067370308057,5.258989344140285e-4
2019-01-02,260994,0.6782759663056387,0.06763916285707837,0.38537481718769534,0.225261986260865
2019-01-27,609084,0.29741323779492473,0.0016235096777305657,0.27019141267906466,0.025598315438129616
2019-03-16,806549,0.41773086287459554,0.09028567178039659,0.2253455093105736,0.10209968178364849
2019-04-17,662147,0.18664197774895308,5.136875483696242e-5,0.1838695758334876,0.002721033160628509
2019-04-24,394672,0.17739704507628526,1.2672904386167243e-5,0.17584841616029562,0.00153595601160347
2019-05-03,780370,0.18369078755619456,0,0.18108629816461586,0.002604489391578705
2019-05-10,528230,0.19800349265990444,0,0.19680857004838181,0.001194922611522644
2019-06-04,808515,0.17743642924745137,0,0.17451754518068716,0.002918884066764234
2019-06-11,472030,0.1445054547596694,0,0.14249851535435465,0.002006939405314745
2019-06-20,808512,0.1736455068663889,0,0.17048751942925874,0.0031579874371301577
2019-07-06,670924,0.09131101779531116,0,0.08790440261796897,0.0034066151773421817
2019-07-13,465162,0.12889051204217955,0,0.1279550343248919,9.354777172876792e-4
2019-07-22,808511,0.1671032415066787,0,0.16604139161294237,0.0010618498937363372
2019-07-29,518871,0.16783120982105826,0,0.16709478576006637,7.364240609918857e-4
2019-08-07,560355,0.058115944838612724,1.606785819881915e-5,0.057385749949355275,7.141270310586288e-4
2019-08-14,562167,0.1972137146155496,0,0.1968240419671595,3.896726483900932e-4
2019-08-23,808513,0.16382203553154379,0,0.16302279721880428,7.992383127395042e-4
2019-08-30,500855,0.2286695738816505,0,0.2282421843179742,4.273895636763141e-4
2019-09-08,396993,0.13476721556194413,0,0.1345656589600683,2.0155660187584182e-4
2019-09-15,540265,0.18971532316461845,0,0.18929318267578457,4.221404888338754e-4
2019-09-24,808515,0.16458221224502084,0,0.16400072450896355,5.814877360572954e-4
2019-10-01,307963,0.3453626828000095,0,0.3447747758454466,5.879069545629075e-4
2019-10-10,808515,0.16612939172917468,0,0.1658213269498592,3.080647793154608e-4
2019-10-26,808492,0.17333103164055055,0,0.17303533052631898,2.957011142315687e-4
2019-11-02,498354,0.189418176772301,0,0.18923551444874429,1.8266232355670543e-4
2019-11-18,484453,0.24891615077445234,0,0.2487901879432779,1.2596283117444904e-4
2020-02-06,337358,0.24449129533815123,0,0.24354826374965152,9.430315884997064e-4
2020-02-22,497714,0.2009939426112374,2.0098501257126705e-6,0.2000231850005182,9.687477605935072e-4
2020-04-03,747771,0.19035812007149167,0,0.18888939282020104,0.001468727251290632
2020-04-10,432875,0.14618200670680362,0,0.14598787580948738,1.9413089731624763e-4
2020-04-26,366710,0.13740027026289758,0,0.13731023327743727,9.003698546029947e-5
2020-05-05,753450,0.1565983935008758,0,0.15636075186428677,2.376416365890221e-4
2020-05-28,533729,0.13830568883071856,0,0.13800582383390894,2.998649968096212e-4
2020-06-22,808510,0.15797466990759124,0,0.15762330067647473,3.513692311165224e-4
2020-06-29,165878,0.040314445621169454,1.8085881125687957e-5,0.0400853577935774,2.110019464663595e-4
2020-07-08,808506,0.15579077043556974,0,0.15526123953711435,5.295308984553878e-4
2020-07-15,534818,0.17749274029777148,0,0.1771018355119527,3.909047858187804e-4
2020-07-24,808392,0.1542468630032932,0,0.15368756258979865,5.593004134945513e-4
2020-07-31,565024,0.184401536964801,0,0.18369694734899264,7.04589615808334e-4
2020-08-09,808507,0.15153131859414554,0,0.15099560224986325,5.357163442823033e-4
2020-08-25,798954,0.1446570355189993,0,0.14401475028428773,6.422852347115724e-4
