area,year,month_name,mean_total_water,sd_total_water,mean_class1,mean_class2,mean_class3,n,month
Tule Lake,2013,Apr,11.316,1.871,0,11.143,0.173,2,4
Tule Lake,2013,May,11.02,NA,0,10.934,0.086,1,5
Tule Lake,2013,Jun,10.566,NA,0,10.464,0.102,1,6
Tule Lake,2013,Jul,12.065,0.586,0,11.733,0.332,4,7
Tule Lake,2013,Aug,11.926,0.256,0,11.232,0.694,3,8
Tule Lake,2013,Sep,11.71,0.553,0.001,11.194,0.516,2,9
Tule Lake,2013,Oct,10.665,NA,0,10.32,0.346,1,10
Tule Lake,2013,Nov,11.192,0.157,0,10.756,0.436,2,11
Tule Lake,2013,Dec,36.532,39.573,8.31,5.629,22.594,3,12
Tule Lake,2014,Jan,11.375,0.481,0.032,10.725,0.619,2,1
Tule Lake,2014,Feb,13.564,10.241,0,12.776,0.788,2,2
Tule Lake,2014,Mar,12.313,NA,0,11.914,0.399,1,3
Tule Lake,2014,Apr,11.181,0.125,0,10.895,0.286,2,4
Tule Lake,2014,May,12.837,1.557,0,12.506,0.331,2,5
Tule Lake,2014,Jun,12.328,0.319,0.001,11.65,0.677,3,6
Tule Lake,2014,Jul,12.186,0.606,0,11.118,1.068,3,7
Tule Lake,2014,Aug,12.456,0.855,0,11.635,0.82,3,8
Tule Lake,2014,Sep,11.713,0.048,0,11.125,0.588,2,9
Tule Lake,2014,Oct,11.725,0.372,0,11.301,0.424,4,10
Tule Lake,2014,Dec,52.154,NA,3.337,14.177,34.64,1,12
Tule Lake,2015,Jan,18.812,2.654,0.001,18.1,0.712,2,1
Tule Lake,2015,Feb,11.401,2.305,0,11.192,0.209,2,2
Tule Lake,2015,Mar,14.743,2.976,0,14.44,0.302,2,3
Tule Lake,2015,Apr,11.822,1.545,0,11.794,0.029,2,4
Tule Lake,2015,May,12.652,0.336,0,12.593,0.059,2,5
Tule Lake,2015,Jun,12.747,0.271,0.018,10.512,2.216,2,6
Tule Lake,2015,Jul,12.795,0.473,0.015,10.378,2.402,3,7
Tule Lake,2015,Aug,12.272,1.637,0.001,11.349,0.923,2,8
Tule Lake,2015,Sep,10.501,0.291,0,10.034,0.467,2,9
Tule Lake,2015,Oct,12.489,2.758,0,11.838,0.652,4,10
Tule Lake,2015,Nov,12.399,0.424,0.001,11.49,0.909,2,11
Tule Lake,2016,Feb,39.956,NA,0.011,37.409,2.536,1,2
Tule Lake,2016,Mar,12.261,1.068,0,11.949,0.312,2,3
Tule Lake,2016,Apr,12.596,1.857,0,12.518,0.078,2,4
Tule Lake,2016,May,11.19,0.275,0,10.938,0.252,4,5
Tule Lake,2016,Jun,12.025,0.264,0.011,11.099,0.915,3,6
Tule Lake,2016,Jul,12.281,0.276,0.057,10.903,1.321,4,7
Tule Lake,2016,Aug,12.262,1.417,0.078,10.39,1.794,3,8
Tule Lake,2016,Sep,12.028,0.073,0.008,10.84,1.18,2,9
Tule Lake,2016,Oct,12.624,0.984,0,11.67,0.953,2,10
Tule Lake,2016,Nov,12.512,NA,0,11.667,0.845,1,11
Tule Lake,2017,Jan,99.988,NA,96.974,0.235,2.78,1,1
Tule Lake,2017,Mar,18.957,NA,0.003,17.763,1.191,1,3
Tule Lake,2017,Apr,11.305,NA,0,10.986,0.32,1,4
Tule Lake,2017,May,12.445,0.699,0.002,11.913,0.53,3,5
Tule Lake,2017,Jun,13.255,0.366,0.015,12.083,1.158,3,6
Tule Lake,2017,Jul,13.019,0.446,0.005,11.176,1.839,2,7
Tule Lake,2017,Aug,13.543,0.529,0.011,11.64,1.893,4,8
Tule Lake,2017,Sep,13.45,0.383,0.002,12.017,1.431,2,9
Tule Lake,2017,Oct,12.012,0.063,0,11.16,0.851,2,10
Tule Lake,2017,Dec,23.023,4.406,0.002,22.075,0.946,2,12
Tule Lake,2018,Apr,12.065,NA,0,11.639,0.426,1,4
Tule Lake,2018,May,11.908,NA,0,11.26,0.647,1,5
Tule Lake,2018,Jun,13.058,0.182,0.165,10.654,2.239,3,6
Tule Lake,2018,Jul,12.538,0.223,0.018,10.49,2.03,4,7
Tule Lake,2018,Aug,11.787,1.125,0.03,10.758,0.999,4,8
Tule Lake,2018,Sep,9.089,4.025,0,8.51,0.579,2,9
Tule Lake,2018,Oct,10.825,2.638,0,10.284,0.541,3,10
Tule Lake,2018,Nov,12.087,NA,0,11.336,0.751,1,11
Tule Lake,2019,Jan,17.177,1.891,0.001,16.634,0.542,2,1
Tule Lake,2019,Mar,12.485,NA,0.01,12.395,0.08,1,3
Tule Lake,2019,Apr,11.656,0.229,0,11.599,0.057,2,4
Tule Lake,2019,May,11.602,0.369,0,11.565,0.037,2,5
Tule Lake,2019,Jun,12.708,0.948,0.147,11.039,1.522,3,6
Tule Lake,2019,Jul,13.188,0.33,0.015,11.427,1.745,4,7
Tule Lake,2019,Aug,13.416,0.512,0.008,12.339,1.068,4,8
Tule Lake,2019,Sep,10.995,2.872,0,8.776,2.219,3,9
Tule Lake,2019,Oct,13.372,2.117,0,11.378,1.994,3,10
Tule Lake,2019,Nov,13.214,1.292,0,12.364,0.85,2,11
Tule Lake,2020,Feb,14.702,1.696,0,13.985,0.717,2,2
Tule Lake,2020,Apr,11.407,0.447,0,10.782,0.625,3,4
Tule Lake,2020,May,10.784,1.342,0.001,10.112,0.671,2,5
Tule Lake,2020,Jun,12.966,2.124,0.014,10.91,2.042,2,6
Tule Lake,2020,Jul,9.908,0.693,0.01,8.368,1.53,4,7
Tule Lake,2020,Aug,6.966,2.858,0.118,6.066,0.782,2,8
Tule Lake,2020,Sep,8.733,0.31,0.043,8.315,0.375,3,9
Tule Lake,2020,Oct,11.031,1.517,0.001,10.49,0.54,4,10
Tule Lake,2020,Nov,15.212,2.938,0.03,13.676,1.506,2,11
Tule Lake,2020,Dec,29.045,9.553,0.129,25.715,3.2,2,12
Tule Lake,2021,Feb,13.692,NA,0,8.578,5.114,1,2
Tule Lake,2021,Mar,11.533,1.375,0,9.185,2.347,4,3
Tule Lake,2021,Apr,9.931,0.618,0,9.243,0.688,4,4
Tule Lake,2021,May,9.5,0.097,0,8.877,0.623,2,5
Tule Lake,2021,Jun,8.686,0.495,0,6.114,2.572,2,6
Tule Lake,2021,Jul,4.389,2.365,0,3.707,0.682,3,7
Tule Lake,2021,Aug,2.546,0.504,0.021,1.971,0.554,4,8
Tule Lake,2021,Sep,2.979,0.791,0.023,2.869,0.087,4,9
Tule Lake,2021,Oct,3.082,NA,0,2.908,0.174,1,10
Tule Lake,2021,Nov,20.788,29.938,0.001,20.676,0.111,3,11
Tule Lake,2021,Dec,5.773,3.425,0,5.703,0.07,3,12
Tule Lake,2022,Jan,3.484,0.069,0.001,3.396,0.087,2,1
Tule Lake,2022,Feb,3.17,0.168,0,3.103,0.066,5,2
Tule Lake,2022,Mar,2.584,0.209,0,2.536,0.048,3,3
Tule Lake,2022,Apr,1.757,1.123,0,1.713,0.045,3,4
Tule Lake,2022,May,2.247,0.054,0,2.164,0.082,2,5
Tule Lake,2022,Jun,2.36,0.153,0,2.178,0.182,2,6
Tule Lake,2022,Jul,1.737,0.723,0,1.465,0.272,6,7
Tule Lake,2022,Aug,1.167,0.713,0,1.152,0.015,8,8
Tule Lake,2022,Sep,0.498,0.225,0,0.495,0.003,5,9
Tule Lake,2022,Oct,0.376,0.129,0,0.373,0.003,6,10
Tule Lake,2022,Nov,12.369,1.021,1.309,5.688,5.372,3,11
Tule Lake,2022,Dec,93.582,NA,53.576,1.206,38.801,1,12
Tule Lake,2023,Jan,41.211,49.738,20.339,1.516,19.356,3,1
Tule Lake,2023,Feb,26.94,33.744,0.002,26.317,0.621,2,2
Tule Lake,2023,Mar,7.73,NA,0,6.809,0.921,1,3
Tule Lake,2023,Apr,2.857,0.073,0,2.724,0.133,2,4
Tule Lake,2023,May,3.573,1.266,0.001,3.308,0.264,3,5
Tule Lake,2023,Jun,4.081,0.273,0.014,3.458,0.61,6,6
Tule Lake,2023,Jul,3.148,0.265,0.055,2.09,1.003,7,7
Tule Lake,2023,Aug,3.643,1.484,0.043,2.806,0.793,7,8
Tule Lake,2023,Sep,3.59,0.288,0.014,3.259,0.316,2,9
Tule Lake,2023,Oct,4.814,0.736,0,4.399,0.415,5,10
Tule Lake,2023,Nov,12.278,NA,0.001,11.579,0.698,1,11
Tule Lake,2023,Dec,32.17,29.56,0.002,31.808,0.361,2,12
Tule Lake,2024,Jan,34.864,NA,0,34.864,0,1,1
Tule Lake,2024,Feb,14.443,2.166,0,13.749,0.694,2,2
Tule Lake,2024,Apr,15.283,NA,0,15.224,0.06,1,4
Tule Lake,2024,May,13.335,0.221,0,12.198,1.137,5,5
Tule Lake,2024,Jun,9.453,6.788,0.004,8.363,1.086,3,6
Tule Lake,2024,Jul,12.109,0.668,0.015,8.346,3.748,7,7
Tule Lake,2024,Aug,11.152,0.309,0.089,8.359,2.703,5,8
Tule Lake,2024,Sep,12.151,0.614,0.003,10.607,1.541,7,9
Tule Lake,2024,Oct,13.095,0.345,0,11.829,1.267,4,10
Tule Lake,2024,Nov,28.952,23.483,0,27.535,1.417,3,11
Tule Lake,2024,Dec,33.795,15.633,0.338,26.486,6.971,3,12
Tule Lake,2025,Jan,23.349,8.443,0.008,22.168,1.172,4,1
Tule Lake,2025,Feb,77.212,31.146,62.564,11.811,2.837,5,2
Tule Lake,2025,Mar,20.958,3.025,0.033,19.806,1.118,3,3
Tule Lake,2025,Apr,14.51,1.447,0,13.921,0.589,3,4
Tule Lake,2025,May,15.524,1.154,0.001,14.792,0.731,4,5
Tule Lake,2025,Jun,14.325,0.745,0.032,12.821,1.471,7,6
Tule Lake,2025,Jul,12.454,1.587,0.047,11.021,1.386,8,7
Tule Lake,2025,Aug,12.226,1.897,0.015,10.927,1.283,6,8
Tule Lake,2025,Sep,13.492,1.141,0.001,12.524,0.966,6,9
Tule Lake,2025,Oct,13,NA,0,12.251,0.748,1,10
Tule Lake,2025,Nov,14.816,1.266,0,14.542,0.274,3,11
Tule Lake,2025,Dec,32.572,27.732,1.956,27.089,3.527,4,12
Clear Lake,2013,Apr,15.751,1.455,0,15.498,0.254,2,4
Clear Lake,2013,May,10.7,NA,0,10.662,0.037,1,5
Clear Lake,2013,Jun,13.441,NA,0,12.815,0.625,1,6
Clear Lake,2013,Jul,10.064,5.046,0,9.822,0.242,4,7
Clear Lake,2013,Aug,11.37,1.931,0,11.268,0.101,3,8
Clear Lake,2013,Sep,11.357,0.441,0,11.169,0.188,2,9
Clear Lake,2013,Oct,11.34,NA,0,11.046,0.295,1,10
Clear Lake,2013,Nov,13.498,1.168,0,13.366,0.132,2,11
Clear Lake,2013,Dec,46.309,41.723,11.145,10.581,24.582,3,12
Clear Lake,2014,Jan,15.644,2.334,0.547,15.062,0.035,2,1
Clear Lake,2014,Feb,20.695,12.655,0,20.223,0.472,2,2
Clear Lake,2014,Mar,11.9,NA,0,9.477,2.423,1,3
Clear Lake,2014,Apr,10.185,1.537,0,8.543,1.643,2,4
Clear Lake,2014,May,9.854,1.349,0,8.408,1.446,2,5
Clear Lake,2014,Jun,7.596,3.096,0,7.092,0.503,3,6
Clear Lake,2014,Jul,9.508,2.126,0,9.458,0.05,3,7
Clear Lake,2014,Aug,7.527,4.988,0,7.49,0.037,3,8
Clear Lake,2014,Sep,8.578,2.435,0,8.526,0.053,2,9
Clear Lake,2014,Oct,9.192,1.559,0,9.128,0.064,4,10
Clear Lake,2014,Dec,78.349,NA,5.374,22.107,50.868,1,12
Clear Lake,2015,Jan,22.385,9.168,0,22.246,0.139,2,1
Clear Lake,2015,Feb,14.665,3.164,0.024,14.07,0.571,2,2
Clear Lake,2015,Mar,14.489,3.483,0.026,13.291,1.172,2,3
Clear Lake,2015,Apr,8.899,2.221,0,8.119,0.78,2,4
Clear Lake,2015,May,12.588,2.939,0,11.974,0.613,2,5
Clear Lake,2015,Jun,10.496,1.965,0,9.862,0.635,2,6
Clear Lake,2015,Jul,6.275,5.018,0,6.193,0.082,3,7
Clear Lake,2015,Aug,8.686,2.542,0,8.571,0.115,2,8
Clear Lake,2015,Sep,8.592,2.395,0,8.39,0.203,2,9
Clear Lake,2015,Oct,10.731,2.46,0,10.642,0.088,4,10
Clear Lake,2015,Nov,12.609,1.161,0,12.535,0.074,2,11
Clear Lake,2016,Feb,71.166,NA,3.483,44.446,23.237,1,2
Clear Lake,2016,Mar,23.132,3.477,0.002,22.449,0.681,2,3
Clear Lake,2016,Apr,18.014,3.62,0,17.666,0.348,2,4
Clear Lake,2016,May,13.2,5.202,0,12.918,0.282,4,5
Clear Lake,2016,Jun,15.36,1.854,0,15.103,0.257,3,6
Clear Lake,2016,Jul,11.576,5.473,0,11.367,0.209,4,7
Clear Lake,2016,Aug,16.856,3.927,0,16.462,0.394,3,8
Clear Lake,2016,Sep,13.154,2.024,0,12.915,0.239,2,9
Clear Lake,2016,Oct,12.023,0.495,0,9.709,2.314,2,10
Clear Lake,2016,Nov,15.401,NA,0,14.191,1.21,1,11
Clear Lake,2017,Jan,99.843,NA,89.475,1.033,9.335,1,1
Clear Lake,2017,Mar,77.814,NA,13.185,27.789,36.84,1,3
Clear Lake,2017,Apr,16.261,NA,0,16.107,0.154,1,4
Clear Lake,2017,May,19.835,1.725,0.018,19.667,0.15,3,5
Clear Lake,2017,Jun,12.222,8.393,0.033,12.071,0.118,3,6
Clear Lake,2017,Jul,13.822,4.345,0.043,13.682,0.096,2,7
Clear Lake,2017,Aug,17.848,1.253,0,17.714,0.133,4,8
Clear Lake,2017,Sep,18.202,2.355,0,18.061,0.141,2,9
Clear Lake,2017,Oct,17.68,1.211,0,17.547,0.133,2,10
Clear Lake,2017,Dec,75.456,12.744,1.898,54.594,18.964,2,12
Clear Lake,2018,Apr,15.513,NA,0.001,15.38,0.132,1,4
Clear Lake,2018,May,13.193,NA,0.001,13.092,0.1,1,5
Clear Lake,2018,Jun,13.254,3.446,0.001,13.118,0.136,3,6
Clear Lake,2018,Jul,16.74,1.28,0,16.677,0.062,4,7
Clear Lake,2018,Aug,18.52,3.945,0,18.47,0.05,4,8
Clear Lake,2018,Sep,13.548,4.283,0,13.492,0.056,2,9
Clear Lake,2018,Oct,17.598,0.931,0,17.554,0.044,3,10
Clear Lake,2018,Nov,17.207,NA,0,17.154,0.053,1,11
Clear Lake,2019,Jan,48.784,26.931,3.463,32.778,12.543,2,1
Clear Lake,2019,Mar,41.773,NA,9.029,22.535,10.21,1,3
Clear Lake,2019,Apr,18.202,0.654,0.003,17.986,0.213,2,4
Clear Lake,2019,May,19.085,1.012,0,18.895,0.19,2,5
Clear Lake,2019,Jun,16.52,1.802,0,16.25,0.269,3,6
Clear Lake,2019,Jul,13.878,3.65,0,13.725,0.154,4,7
Clear Lake,2019,Aug,16.196,7.412,0,16.137,0.058,4,8
Clear Lake,2019,Sep,16.302,2.751,0,16.262,0.04,3,9
Clear Lake,2019,Oct,22.827,10.147,0,22.788,0.04,3,10
Clear Lake,2019,Nov,21.917,4.207,0,21.901,0.015,2,11
Clear Lake,2020,Feb,22.274,3.076,0,22.179,0.096,2,2
Clear Lake,2020,Apr,15.798,2.838,0,15.74,0.058,3,4
Clear Lake,2020,May,14.745,1.293,0,14.718,0.027,2,5
Clear Lake,2020,Jun,9.914,8.32,0.001,9.885,0.028,2,6
Clear Lake,2020,Jul,16.798,1.525,0,16.744,0.055,4,7
Clear Lake,2020,Aug,14.809,0.486,0,14.751,0.059,2,8
Clear Lake,2020,Sep,16.717,1.667,0,16.67,0.047,3,9
Clear Lake,2020,Oct,13.797,6.662,0,13.751,0.046,4,10
Clear Lake,2020,Nov,30.951,6.469,0.006,30.09,0.855,2,11
Clear Lake,2020,Dec,70.484,30.958,3.518,36.868,30.099,2,12
Clear Lake,2021,Feb,34.852,NA,0.764,27.641,6.448,1,2
Clear Lake,2021,Mar,18.105,4.641,0.035,17.291,0.78,4,3
Clear Lake,2021,Apr,12.745,1.666,0,12.714,0.031,4,4
Clear Lake,2021,May,13.032,1.248,0,12.973,0.059,2,5
Clear Lake,2021,Jun,12.163,1.09,0,12.1,0.063,2,6
Clear Lake,2021,Jul,10.624,1.333,0,10.549,0.076,3,7
Clear Lake,2021,Aug,12.147,1.095,0,12.062,0.085,4,8
Clear Lake,2021,Sep,12.752,1.388,0,12.632,0.12,4,9
Clear Lake,2021,Oct,11.302,NA,0,11.133,0.169,1,10
Clear Lake,2021,Nov,27.187,16.176,0,26.291,0.896,3,11
Clear Lake,2021,Dec,17.156,5.222,0,17.005,0.151,3,12
Clear Lake,2022,Jan,30.648,4.45,0.862,24.67,5.116,2,1
Clear Lake,2022,Feb,22.432,3.987,0.326,19.6,2.505,5,2
Clear Lake,2022,Mar,14.505,2.951,0.012,13.37,1.124,3,3
Clear Lake,2022,Apr,12.109,0.724,0,9.695,2.414,3,4
Clear Lake,2022,May,12.05,0.365,0,8.44,3.61,2,5
Clear Lake,2022,Jun,6.116,7.05,0,5.77,0.346,2,6
Clear Lake,2022,Jul,11.858,1.695,0,11.329,0.529,6,7
Clear Lake,2022,Aug,10.621,1.041,0,9.925,0.696,8,8
Clear Lake,2022,Sep,9.323,1.798,0,9.219,0.104,5,9
Clear Lake,2022,Oct,9.998,2.055,0,9.906,0.091,6,10
Clear Lake,2022,Nov,85.194,12.564,40.399,17.721,27.074,3,11
Clear Lake,2022,Dec,98.756,NA,85.204,1.618,11.934,1,12
Clear Lake,2023,Jan,68.471,20.228,15.673,11.73,41.067,3,1
Clear Lake,2023,Feb,46.563,28.656,0.205,43.003,3.355,2,2
Clear Lake,2023,Mar,55.993,NA,3.811,16.914,35.268,1,3
Clear Lake,2023,Apr,13.98,1.295,0.001,13.884,0.095,2,4
Clear Lake,2023,May,13.469,1.408,0,13.372,0.097,3,5
Clear Lake,2023,Jun,15.568,1.257,0.002,15.444,0.122,6,6
Clear Lake,2023,Jul,13.892,1.416,0.003,13.751,0.138,7,7
Clear Lake,2023,Aug,14.186,1.207,0,14.088,0.099,7,8
Clear Lake,2023,Sep,14.437,2.038,0,14.316,0.12,2,9
Clear Lake,2023,Oct,14.007,1.182,0,13.905,0.102,5,10
Clear Lake,2023,Nov,24.807,NA,0,24.627,0.18,1,11
Clear Lake,2023,Dec,39.207,28.108,0,39.15,0.057,2,12
Clear Lake,2024,Jan,40.116,NA,0,39.95,0.167,1,1
Clear Lake,2024,Feb,39.526,19.195,0.824,33.532,5.17,2,2
Clear Lake,2024,Apr,11.108,NA,0,10.559,0.549,1,4
Clear Lake,2024,May,14.071,1.536,0,13.901,0.17,5,5
Clear Lake,2024,Jun,9.098,5.139,0,9.012,0.087,3,6
Clear Lake,2024,Jul,12.187,3.598,0,12.115,0.072,7,7
Clear Lake,2024,Aug,14.557,2.239,0,14.457,0.1,5,8
Clear Lake,2024,Sep,13.787,1.811,0,13.695,0.092,7,9
Clear Lake,2024,Oct,13.339,1.136,0,13.273,0.066,4,10
Clear Lake,2024,Nov,25.2,16.629,0.067,24.238,0.895,3,11
Clear Lake,2024,Dec,29.212,5.801,0.029,28.693,0.49,3,12
Clear Lake,2025,Jan,32.628,17.709,0.002,32.134,0.492,4,1
Clear Lake,2025,Feb,86.488,18.498,63.036,14.243,9.21,5,2
Clear Lake,2025,Mar,29.571,11.493,0.703,24.437,4.431,3,3
Clear Lake,2025,Apr,15.587,3.012,0.001,15.275,0.31,3,4
Clear Lake,2025,May,16.007,8.148,0,15.788,0.219,4,5
Clear Lake,2025,Jun,13.26,5.735,0,13.021,0.239,7,6
Clear Lake,2025,Jul,16.138,2.018,0,16.011,0.127,8,7
Clear Lake,2025,Aug,16.275,1.054,0,16.199,0.076,6,8
Clear Lake,2025,Sep,14.801,2.232,0,14.732,0.069,6,9
Clear Lake,2025,Oct,15.623,NA,0,15.579,0.044,1,10
Clear Lake,2025,Nov,21.463,4.341,0,21.404,0.059,3,11
Clear Lake,2025,Dec,41.925,28.58,4.545,30.276,7.104,4,12
Bear Valley,2013,Apr,23.977,NA,0.007,23.966,0.005,1,4
Bear Valley,2013,May,11.731,NA,0,11.731,0,1,5
Bear Valley,2013,Jul,21.748,21.375,0,21.748,0,2,7
Bear Valley,2013,Aug,12.993,3.997,0,12.993,0,2,8
Bear Valley,2013,Sep,25.519,NA,0,25.519,0,1,9
Bear Valley,2013,Nov,42.402,12.031,0,42.401,0.001,2,11
Bear Valley,2013,Dec,70.18,NA,14.522,40.581,15.077,1,12
Bear Valley,2014,Jan,66.474,9.984,3.182,60.887,2.405,2,1
Bear Valley,2014,Feb,85.57,13.995,4.4,78.691,2.48,2,2
Bear Valley,2014,Apr,19.948,NA,0,19.94,0.008,1,4
Bear Valley,2014,May,25.949,NA,0,25.949,0,1,5
Bear Valley,2014,Jun,13.205,NA,0,13.205,0,1,6
Bear Valley,2014,Jul,15.986,3.176,0,15.986,0,2,7
Bear Valley,2014,Aug,25.244,NA,0,25.244,0,1,8
Bear Valley,2014,Sep,10.32,NA,0,10.32,0,1,9
Bear Valley,2014,Oct,25.048,8.721,0,25.048,0,2,10
Bear Valley,2015,Jan,49.31,7.934,0.156,48.696,0.459,2,1
Bear Valley,2015,Feb,18.843,NA,0,18.842,0,1,2
Bear Valley,2015,Mar,44.257,NA,0,44.255,0.002,1,3
Bear Valley,2015,Apr,9.239,10.739,0,9.231,0.007,2,4
Bear Valley,2015,Jun,18.35,NA,0,18.35,0,1,6
Bear Valley,2015,Jul,20.132,12.41,0,20.097,0.035,2,7
Bear Valley,2015,Aug,19.323,NA,0,19.323,0,1,8
Bear Valley,2015,Sep,8.051,NA,0,8.051,0,1,9
Bear Valley,2015,Oct,34.703,1.147,0,34.703,0,2,10
Bear Valley,2015,Nov,41.741,7.052,0,41.738,0.003,2,11
Bear Valley,2016,Mar,32.615,NA,1.606,25.897,5.112,1,3
Bear Valley,2016,Apr,70.465,NA,9.016,50.018,11.431,1,4
Bear Valley,2016,May,11.632,0.013,0,11.62,0.013,2,5
Bear Valley,2016,Jun,54.823,NA,0,54.823,0,1,6
Bear Valley,2016,Jul,8.92,1.577,0,8.92,0,2,7
Bear Valley,2016,Aug,23.733,2.16,0,23.733,0,2,8
Bear Valley,2016,Sep,14.96,NA,0,14.96,0,1,9
Bear Valley,2016,Oct,21.905,NA,0,21.905,0,1,10
Bear Valley,2016,Nov,56.682,NA,0,56.682,0,1,11
Bear Valley,2017,Mar,96.92,NA,22.032,10.63,64.257,1,3
Bear Valley,2017,Apr,32.727,NA,1.423,24.741,6.564,1,4
Bear Valley,2017,May,8.31,1.533,0.04,8.222,0.049,2,5
Bear Valley,2017,Jun,9.468,1.91,0,9.463,0.004,2,6
Bear Valley,2017,Jul,9.137,NA,0,9.134,0.003,1,7
Bear Valley,2017,Aug,34.513,18.151,0,34.513,0,2,8
Bear Valley,2017,Sep,34.623,NA,0,34.623,0,1,9
Bear Valley,2017,Oct,39.4,NA,0,39.4,0,1,10
Bear Valley,2017,Dec,74.282,NA,3.531,69.341,1.411,1,12
Bear Valley,2018,Apr,18.261,NA,0.004,18.203,0.054,1,4
Bear Valley,2018,May,20.053,NA,0,20.053,0,1,5
Bear Valley,2018,Jun,17.353,11.195,0,17.353,0,2,6
Bear Valley,2018,Jul,30.559,30.966,0,30.559,0,2,7
Bear Valley,2018,Aug,22.292,1.307,0,22.292,0,2,8
Bear Valley,2018,Oct,39.127,19.83,0,39.127,0,2,10
Bear Valley,2019,Jan,79.694,NA,22.879,39.581,17.234,1,1
Bear Valley,2019,Apr,21.89,NA,0.002,21.753,0.134,1,4
Bear Valley,2019,May,19.506,NA,0,19.494,0.012,1,5
Bear Valley,2019,Jun,14.525,NA,0,14.524,0.001,1,6
Bear Valley,2019,Jul,27.993,5.891,0,27.993,0,2,7
Bear Valley,2019,Aug,17.971,0.069,0,17.969,0.001,2,8
Bear Valley,2019,Sep,32.139,NA,0,32.139,0,1,9
Bear Valley,2019,Oct,69.777,NA,0,69.774,0.004,1,10
Bear Valley,2019,Nov,62.057,22.281,0,62.057,0,2,11
Bear Valley,2020,Feb,78.39,4.204,12.527,48.009,17.854,2,2
Bear Valley,2020,Apr,30.22,18.101,0.707,27.071,2.442,2,4
Bear Valley,2020,May,17.124,NA,0,17.122,0.001,1,5
Bear Valley,2020,Jun,22.398,NA,0,22.398,0,1,6
Bear Valley,2020,Jul,15.049,3.835,0,15.042,0.007,2,7
Bear Valley,2020,Sep,38.382,40.648,0,38.382,0,2,9
Bear Valley,2020,Oct,63.895,2.474,0,63.895,0,2,10
Bear Valley,2020,Nov,86.686,NA,4.912,79.111,2.664,1,11
Bear Valley,2020,Dec,82.197,9.115,19.207,55.605,7.385,2,12
Bear Valley,2021,Feb,84.112,NA,18.851,43.339,21.922,1,2
Bear Valley,2021,Mar,66.228,11.348,10.387,43.051,12.79,2,3
Bear Valley,2021,Apr,35.94,3.153,0.484,34.931,0.524,2,4
Bear Valley,2021,May,14.627,NA,0,14.627,0,1,5
Bear Valley,2021,Jun,6.229,NA,0,6.229,0,1,6
Bear Valley,2021,Jul,20.717,12.56,0,20.715,0.003,2,7
Bear Valley,2021,Aug,44.002,6.796,0,43.932,0.07,2,8
Bear Valley,2021,Sep,41.621,28.631,0,41.621,0,2,9
Bear Valley,2021,Nov,64.227,5.384,0.147,62.147,1.933,2,11
Bear Valley,2021,Dec,61.782,NA,0,61.782,0,1,12
Bear Valley,2022,Jan,82.913,NA,14.018,48.128,20.767,1,1
Bear Valley,2022,Feb,77.753,4.276,9.068,52.944,15.741,3,2
Bear Valley,2022,Mar,59.231,6.817,2.066,52.349,4.816,3,3
Bear Valley,2022,Apr,29.143,41.111,0.789,24.64,3.714,2,4
Bear Valley,2022,Jun,12.595,NA,0,12.595,0,1,6
Bear Valley,2022,Jul,21.407,12.263,0,21.406,0,3,7
Bear Valley,2022,Aug,14.52,7.377,0,14.52,0.001,4,8
Bear Valley,2022,Sep,20.932,4.29,0,20.932,0,2,9
Bear Valley,2022,Oct,37.108,12.057,0,37.108,0,3,10
Bear Valley,2022,Nov,83.592,3.629,29.27,36.873,17.449,2,11
Bear Valley,2023,Jan,87.894,NA,33.388,35.001,19.505,1,1
Bear Valley,2023,Feb,73.199,16.986,11.481,25.75,35.967,2,2
Bear Valley,2023,Apr,40.922,NA,2.41,32.607,5.905,1,4
Bear Valley,2023,May,15.537,0.804,0.032,15.49,0.016,2,5
Bear Valley,2023,Jun,15.762,10.666,0,15.762,0,4,6
Bear Valley,2023,Jul,13.273,1.845,0,13.261,0.012,3,7
Bear Valley,2023,Aug,29.066,4.249,0,29.056,0.01,3,8
Bear Valley,2023,Sep,34.772,NA,0,34.772,0,1,9
Bear Valley,2023,Oct,33.053,13.395,0,33.051,0.002,3,10
Bear Valley,2023,Nov,66.677,NA,6.617,58.936,1.124,1,11
Bear Valley,2023,Dec,84.511,NA,0.141,84.277,0.094,1,12
Bear Valley,2024,Feb,80.351,NA,11.622,51.834,16.895,1,2
Bear Valley,2024,May,6.956,1.647,0,6.949,0.007,3,5
Bear Valley,2024,Jun,15.663,2.567,0,15.662,0.001,2,6
Bear Valley,2024,Jul,23.068,10.966,0,23.068,0,4,7
Bear Valley,2024,Aug,34.83,26.094,0,34.824,0.006,2,8
Bear Valley,2024,Sep,30.733,11.464,0,30.733,0,3,9
Bear Valley,2024,Oct,25.771,0.38,0,25.771,0,2,10
Bear Valley,2024,Nov,58.197,NA,2.997,54.046,1.154,1,11
Bear Valley,2024,Dec,75.508,NA,11.454,58.564,5.49,1,12
Bear Valley,2025,Jan,72.627,NA,1.258,69.792,1.577,1,1
Bear Valley,2025,Feb,96.366,3.344,38.994,13.303,44.068,2,2
Bear Valley,2025,Mar,88.325,NA,20.925,26.211,41.189,1,3
Bear Valley,2025,Apr,38.266,NA,2.161,31.866,4.239,1,4
Bear Valley,2025,May,23.331,9.997,0.024,23.272,0.036,3,5
Bear Valley,2025,Jun,17.742,5.147,0,17.725,0.017,4,6
Bear Valley,2025,Jul,23.113,3.345,0,23.113,0,4,7
Bear Valley,2025,Aug,20.235,13.634,0,20.235,0,3,8
Bear Valley,2025,Sep,22.74,12.264,0,22.74,0,3,9
Bear Valley,2025,Oct,36.666,NA,0,36.666,0,1,10
Bear Valley,2025,Nov,77.709,4.847,0,77.709,0.001,2,11
Bear Valley,2025,Dec,79.979,15.144,13.327,49.926,16.726,2,12
Lower Klamath Sheepy,2013,Apr,13.316,NA,0,11.974,1.341,1,4
Lower Klamath Sheepy,2013,May,9.399,NA,0.003,8.708,0.687,1,5
Lower Klamath Sheepy,2013,Jun,6.53,NA,0.096,5.817,0.617,1,6
Lower Klamath Sheepy,2013,Jul,2.863,0.364,0.003,2.316,0.543,4,7
Lower Klamath Sheepy,2013,Aug,2.122,0.439,0,1.962,0.16,3,8
Lower Klamath Sheepy,2013,Sep,1.52,0.484,0.001,1.444,0.075,2,9
Lower Klamath Sheepy,2013,Oct,7.525,NA,0.006,7.042,0.477,1,10
Lower Klamath Sheepy,2013,Nov,10.804,2.715,0,10.107,0.697,2,11
Lower Klamath Sheepy,2013,Dec,48.216,44.519,19.156,5.754,23.306,3,12
Lower Klamath Sheepy,2014,Jan,11.306,0.056,0.205,10.303,0.797,2,1
Lower Klamath Sheepy,2014,Feb,13.678,11.617,0.002,12.245,1.431,2,2
Lower Klamath Sheepy,2014,Mar,14.027,NA,0,12.734,1.293,1,3
Lower Klamath Sheepy,2014,Apr,10.554,0.905,0,9.098,1.456,2,4
Lower Klamath Sheepy,2014,May,5.5,0.52,0.001,4.921,0.578,2,5
Lower Klamath Sheepy,2014,Jun,3.378,0.858,0.013,3.011,0.354,3,6
Lower Klamath Sheepy,2014,Jul,1.973,0.444,0.001,1.751,0.221,3,7
Lower Klamath Sheepy,2014,Aug,1.046,0.249,0,0.99,0.056,3,8
Lower Klamath Sheepy,2014,Sep,0.942,0.201,0,0.913,0.029,2,9
Lower Klamath Sheepy,2014,Oct,4.27,2.129,0,4.02,0.249,4,10
Lower Klamath Sheepy,2014,Dec,26.749,NA,1.944,8.451,16.353,1,12
Lower Klamath Sheepy,2015,Jan,17.691,1.404,0.001,16.845,0.844,2,1
Lower Klamath Sheepy,2015,Feb,12.101,1.473,0.001,11.009,1.092,2,2
Lower Klamath Sheepy,2015,Mar,16.25,5.245,0.001,15.29,0.959,2,3
Lower Klamath Sheepy,2015,Apr,8.234,2.226,0,7.6,0.633,2,4
Lower Klamath Sheepy,2015,May,7.06,1.393,0,6.644,0.416,2,5
Lower Klamath Sheepy,2015,Jun,3.445,1.174,0.076,3.08,0.289,2,6
Lower Klamath Sheepy,2015,Jul,2.355,0.215,0.009,2.181,0.165,3,7
Lower Klamath Sheepy,2015,Aug,2.521,1.156,0,2.284,0.237,2,8
Lower Klamath Sheepy,2015,Sep,3.452,0.855,0.001,3.244,0.207,2,9
Lower Klamath Sheepy,2015,Oct,10.238,5.669,0,9.704,0.533,4,10
Lower Klamath Sheepy,2015,Nov,13.551,3.11,0,12.989,0.562,2,11
Lower Klamath Sheepy,2016,Feb,29.445,NA,0.011,27.809,1.625,1,2
Lower Klamath Sheepy,2016,Mar,23.886,3.739,0.001,22.316,1.569,2,3
Lower Klamath Sheepy,2016,Apr,16.964,4.922,0,16.276,0.688,2,4
Lower Klamath Sheepy,2016,May,9.397,0.9,0,8.44,0.956,4,5
Lower Klamath Sheepy,2016,Jun,8.061,1.677,0.041,7.378,0.642,3,6
Lower Klamath Sheepy,2016,Jul,3.939,0.756,0.054,3.461,0.423,4,7
Lower Klamath Sheepy,2016,Aug,6.737,5.704,0.012,6.533,0.192,3,8
Lower Klamath Sheepy,2016,Sep,3.227,0.12,0,3.065,0.161,2,9
Lower Klamath Sheepy,2016,Oct,12.07,1.225,0,11.768,0.301,2,10
Lower Klamath Sheepy,2016,Nov,14.212,NA,0.001,13.518,0.692,1,11
Lower Klamath Sheepy,2017,Jan,99.907,NA,94.131,0.813,4.963,1,1
Lower Klamath Sheepy,2017,Mar,42.8,NA,0.013,36.092,6.695,1,3
Lower Klamath Sheepy,2017,Apr,29.725,NA,0.001,27.021,2.704,1,4
Lower Klamath Sheepy,2017,May,16.286,1.71,0.001,14.499,1.786,3,5
Lower Klamath Sheepy,2017,Jun,12.555,2.639,0.018,11.187,1.35,3,6
Lower Klamath Sheepy,2017,Jul,7.602,1.299,0.017,6.879,0.706,2,7
Lower Klamath Sheepy,2017,Aug,5.402,0.57,0.01,4.528,0.864,4,8
Lower Klamath Sheepy,2017,Sep,5.62,1.476,0.01,4.824,0.785,2,9
Lower Klamath Sheepy,2017,Oct,13.664,5.004,0.001,12.224,1.44,2,10
Lower Klamath Sheepy,2017,Dec,30.035,23.188,0.46,20.333,9.243,2,12
Lower Klamath Sheepy,2018,Apr,21.903,NA,0.001,19.633,2.27,1,4
Lower Klamath Sheepy,2018,May,16.478,NA,0,14.934,1.543,1,5
Lower Klamath Sheepy,2018,Jun,10.42,1.873,0.021,9.351,1.048,3,6
Lower Klamath Sheepy,2018,Jul,5.187,0.725,0.028,4.389,0.771,4,7
Lower Klamath Sheepy,2018,Aug,4.424,2.152,0.001,3.634,0.789,4,8
Lower Klamath Sheepy,2018,Sep,3.182,0.88,0,2.852,0.33,2,9
Lower Klamath Sheepy,2018,Oct,7.238,2.69,0.001,6.798,0.439,3,10
Lower Klamath Sheepy,2018,Nov,8.329,NA,0.001,7.219,1.109,1,11
Lower Klamath Sheepy,2019,Jan,17.56,6.846,0.019,16.501,1.04,2,1
Lower Klamath Sheepy,2019,Mar,23.101,NA,0.039,20.784,2.279,1,3
Lower Klamath Sheepy,2019,Apr,23.284,0.486,0.001,22.36,0.923,2,4
Lower Klamath Sheepy,2019,May,15.611,1.12,0,14.659,0.952,2,5
Lower Klamath Sheepy,2019,Jun,15.224,0.703,0.01,13.978,1.237,3,6
Lower Klamath Sheepy,2019,Jul,9.981,1.375,0.007,8.802,1.172,4,7
Lower Klamath Sheepy,2019,Aug,6.903,0.715,0.001,6.236,0.667,4,8
Lower Klamath Sheepy,2019,Sep,6.049,0.68,0,5.615,0.434,3,9
Lower Klamath Sheepy,2019,Oct,10.665,2.262,0,9.894,0.771,3,10
Lower Klamath Sheepy,2019,Nov,16.102,3.697,0.001,15.07,1.031,2,11
Lower Klamath Sheepy,2020,Feb,31.586,0.76,0.003,28.953,2.63,2,2
Lower Klamath Sheepy,2020,Apr,20.31,2.275,0,19.031,1.278,3,4
Lower Klamath Sheepy,2020,May,14.143,1.119,0.004,13.139,1,2,5
Lower Klamath Sheepy,2020,Jun,10.619,0.332,0.049,9.789,0.781,2,6
Lower Klamath Sheepy,2020,Jul,6.105,1.127,0.016,5.4,0.689,4,7
Lower Klamath Sheepy,2020,Aug,2.352,1.839,0,2.115,0.236,2,8
Lower Klamath Sheepy,2020,Sep,3.047,0.581,0,2.512,0.535,3,9
Lower Klamath Sheepy,2020,Oct,4.293,1.418,0,4.131,0.162,4,10
Lower Klamath Sheepy,2020,Nov,14.102,6.17,0.034,13.61,0.458,2,11
Lower Klamath Sheepy,2020,Dec,30,16.471,0.896,23.664,5.44,2,12
Lower Klamath Sheepy,2021,Feb,9.956,NA,0.001,8.56,1.395,1,2
Lower Klamath Sheepy,2021,Mar,5.892,1.144,0,5.245,0.647,4,3
Lower Klamath Sheepy,2021,Apr,3.034,0.657,0,2.884,0.15,4,4
Lower Klamath Sheepy,2021,May,2.362,0.137,0,2.305,0.057,2,5
Lower Klamath Sheepy,2021,Jun,2.111,0.521,0.002,1.96,0.149,2,6
Lower Klamath Sheepy,2021,Jul,1.86,0.843,0.001,1.516,0.343,3,7
Lower Klamath Sheepy,2021,Aug,1.616,0.555,0,1.413,0.203,4,8
Lower Klamath Sheepy,2021,Sep,2.041,0.593,0,1.808,0.233,4,9
Lower Klamath Sheepy,2021,Oct,2.092,NA,0,2.008,0.083,1,10
Lower Klamath Sheepy,2021,Nov,8.802,4.872,0.001,8.595,0.207,3,11
Lower Klamath Sheepy,2021,Dec,8.502,3.947,0.001,8.028,0.473,3,12
Lower Klamath Sheepy,2022,Jan,8.758,0.345,0.001,7.728,1.029,2,1
Lower Klamath Sheepy,2022,Feb,7.896,0.306,0,7.149,0.747,5,2
Lower Klamath Sheepy,2022,Mar,6.052,1.207,0,5.692,0.36,3,3
Lower Klamath Sheepy,2022,Apr,4.361,0.351,0,3.985,0.376,3,4
Lower Klamath Sheepy,2022,May,2.373,1.212,0,2.23,0.143,2,5
Lower Klamath Sheepy,2022,Jun,1.68,0.108,0,1.446,0.234,2,6
Lower Klamath Sheepy,2022,Jul,1.992,0.709,0,1.87,0.121,6,7
Lower Klamath Sheepy,2022,Aug,1.286,0.22,0,1.214,0.072,8,8
Lower Klamath Sheepy,2022,Sep,1.23,0.239,0,1.176,0.054,5,9
Lower Klamath Sheepy,2022,Oct,2.031,0.662,0,1.937,0.093,6,10
Lower Klamath Sheepy,2022,Nov,13.156,3.285,0.143,10.274,2.739,3,11
Lower Klamath Sheepy,2022,Dec,99.662,NA,78.047,1.039,20.576,1,12
Lower Klamath Sheepy,2023,Jan,39.172,47.153,16.358,4.01,18.804,3,1
Lower Klamath Sheepy,2023,Feb,18.717,4.739,0.182,14.271,4.264,2,2
Lower Klamath Sheepy,2023,Mar,34.445,NA,0.824,18.98,14.641,1,3
Lower Klamath Sheepy,2023,Apr,2.745,0.114,0,2.697,0.048,2,4
Lower Klamath Sheepy,2023,May,3.89,2.833,0,3.849,0.041,3,5
Lower Klamath Sheepy,2023,Jun,2.571,0.863,0,2.45,0.122,6,6
Lower Klamath Sheepy,2023,Jul,2.05,0.234,0,1.887,0.162,7,7
Lower Klamath Sheepy,2023,Aug,2.865,1.751,0.001,2.684,0.18,7,8
Lower Klamath Sheepy,2023,Sep,2.413,0.192,0.004,2.229,0.18,2,9
Lower Klamath Sheepy,2023,Oct,3.703,1.005,0,3.283,0.42,5,10
Lower Klamath Sheepy,2023,Nov,10.306,NA,0,9.719,0.586,1,11
Lower Klamath Sheepy,2023,Dec,27.764,22.75,0.002,27.145,0.617,2,12
Lower Klamath Sheepy,2024,Jan,38.992,NA,0,38.992,0,1,1
Lower Klamath Sheepy,2024,Feb,19.548,4.325,0.024,18.184,1.34,2,2
Lower Klamath Sheepy,2024,Apr,8.402,NA,0,7.949,0.453,1,4
Lower Klamath Sheepy,2024,May,6.574,0.199,0,6.31,0.264,5,5
Lower Klamath Sheepy,2024,Jun,5.611,0.804,0,5.177,0.433,3,6
Lower Klamath Sheepy,2024,Jul,4.129,0.411,0.001,3.706,0.422,7,7
Lower Klamath Sheepy,2024,Aug,2.96,0.394,0,2.725,0.235,5,8
Lower Klamath Sheepy,2024,Sep,3.306,0.933,0,3.055,0.251,7,9
Lower Klamath Sheepy,2024,Oct,4.357,0.207,0,3.965,0.392,4,10
Lower Klamath Sheepy,2024,Nov,22.358,26.773,0.076,19.631,2.651,3,11
Lower Klamath Sheepy,2024,Dec,34.27,36.115,0.552,22.931,10.787,3,12
Lower Klamath Sheepy,2025,Jan,28.22,11.621,0.002,26.53,1.688,4,1
Lower Klamath Sheepy,2025,Feb,87.682,17.35,68.402,12.642,6.637,5,2
Lower Klamath Sheepy,2025,Mar,35.451,1.802,0.208,31.947,3.296,3,3
Lower Klamath Sheepy,2025,Apr,28.859,2.245,0.001,26.421,2.438,3,4
Lower Klamath Sheepy,2025,May,22.318,2.389,0.028,19.7,2.59,4,5
Lower Klamath Sheepy,2025,Jun,15.937,3.649,0.049,14.024,1.863,7,6
Lower Klamath Sheepy,2025,Jul,9.128,3.679,0.03,8.497,0.602,8,7
Lower Klamath Sheepy,2025,Aug,9.517,3.115,0.007,8.887,0.624,6,8
Lower Klamath Sheepy,2025,Sep,7.231,1.562,0.001,6.372,0.858,6,9
Lower Klamath Sheepy,2025,Oct,8.064,NA,0,7.533,0.531,1,10
Lower Klamath Sheepy,2025,Nov,13.183,1.903,0.001,12.546,0.637,3,11
Lower Klamath Sheepy,2025,Dec,37.273,21.868,1.525,30.303,5.446,4,12
Klamath Marsh,2013,Mar,16.788,NA,0,16.7,0.087,1,3
Klamath Marsh,2013,Apr,7.576,NA,0,7.568,0.008,1,4
Klamath Marsh,2013,May,13.817,NA,0,13.817,0,1,5
Klamath Marsh,2013,Jun,3.097,0.779,0,3.095,0.002,2,6
Klamath Marsh,2013,Jul,1.426,0.457,0,1.422,0.004,4,7
Klamath Marsh,2013,Aug,3.441,0.87,0,3.427,0.014,2,8
Klamath Marsh,2013,Sep,4.1,1.046,0,4.1,0,2,9
Klamath Marsh,2013,Oct,23.673,18.932,0,23.668,0.005,2,10
Klamath Marsh,2013,Nov,18.587,NA,0,18.509,0.078,1,11
Klamath Marsh,2013,Dec,87.152,5.009,34.003,37.769,15.381,3,12
Klamath Marsh,2014,Jan,76.78,24.387,17.207,48.384,11.189,2,1
Klamath Marsh,2014,Mar,26.836,NA,0,26.836,0,1,3
Klamath Marsh,2014,Apr,12.2,3.003,0,12.199,0,2,4
Klamath Marsh,2014,May,9.419,7.8,0,9.419,0,2,5
Klamath Marsh,2014,Jun,2.806,1.173,0,2.802,0.004,2,6
Klamath Marsh,2014,Jul,2.751,0.878,0,2.742,0.009,3,7
Klamath Marsh,2014,Aug,14.149,4.512,0,14.149,0,3,8
Klamath Marsh,2014,Sep,5.328,4.817,0,5.328,0,2,9
Klamath Marsh,2014,Oct,15.728,15.5,0,15.728,0,3,10
Klamath Marsh,2014,Dec,87.683,NA,27.324,54.738,5.621,1,12
Klamath Marsh,2015,Jan,36.675,NA,0,36.425,0.25,1,1
Klamath Marsh,2015,Feb,34.284,0.471,0,34.273,0.011,2,2
Klamath Marsh,2015,Mar,62.599,32.535,0,62.599,0,2,3
Klamath Marsh,2015,Apr,9.006,NA,0,8.997,0.009,1,4
Klamath Marsh,2015,May,5.651,1.357,0,5.651,0,2,5
Klamath Marsh,2015,Jun,6.256,6.74,0,6.256,0,2,6
Klamath Marsh,2015,Jul,3.868,1.062,0,3.79,0.078,3,7
Klamath Marsh,2015,Aug,7.853,4.584,0,7.769,0.084,2,8
Klamath Marsh,2015,Sep,7.047,4.806,0,7.045,0.002,3,9
Klamath Marsh,2015,Oct,32.537,16.633,0,32.537,0,3,10
Klamath Marsh,2015,Nov,64.412,48.051,14.604,40.846,8.962,2,11
Klamath Marsh,2016,Mar,66.232,37.054,0.131,63.306,2.794,2,3
Klamath Marsh,2016,Apr,40.515,4.946,0.788,36.107,3.619,2,4
Klamath Marsh,2016,May,7.964,2.967,0,7.946,0.018,3,5
Klamath Marsh,2016,Jun,1.069,0.411,0,1.069,0,2,6
Klamath Marsh,2016,Jul,3.905,2.07,0,3.9,0.005,4,7
Klamath Marsh,2016,Aug,2.595,0.722,0,2.578,0.017,2,8
Klamath Marsh,2016,Sep,10.982,NA,0,10.982,0,1,9
Klamath Marsh,2016,Oct,7.877,NA,0,7.876,0,1,10
Klamath Marsh,2016,Nov,32.613,18.715,0,32.585,0.028,2,11
Klamath Marsh,2017,Mar,97.168,NA,51.755,9.216,36.198,1,3
Klamath Marsh,2017,Apr,59.366,NA,0.88,40.406,18.079,1,4
Klamath Marsh,2017,May,10.338,6.512,0,10.243,0.095,3,5
Klamath Marsh,2017,Jun,7.77,5.781,0,7.753,0.018,3,6
Klamath Marsh,2017,Jul,4.033,3.816,0,4.031,0.002,2,7
Klamath Marsh,2017,Aug,15.814,17.17,0,15.768,0.046,4,8
Klamath Marsh,2017,Sep,10.267,0.821,0,10.255,0.013,2,9
Klamath Marsh,2017,Oct,13.668,NA,0,13.63,0.039,1,10
Klamath Marsh,2017,Dec,68.579,22.38,2.323,65.168,1.088,2,12
Klamath Marsh,2018,Apr,6.365,NA,0,6.293,0.071,1,4
Klamath Marsh,2018,May,6.395,NA,0,6.382,0.013,1,5
Klamath Marsh,2018,Jun,1.879,1.666,0,1.851,0.028,2,6
Klamath Marsh,2018,Jul,1.529,1.291,0,1.504,0.025,4,7
Klamath Marsh,2018,Aug,13.406,18.918,0,13.384,0.022,3,8
Klamath Marsh,2018,Sep,25.359,18.264,0,25.359,0,3,9
Klamath Marsh,2018,Oct,11.464,5.884,0,11.441,0.023,3,10
Klamath Marsh,2018,Nov,60.46,34.303,0,60.451,0.009,3,11
Klamath Marsh,2019,Jan,92.087,1.454,26.264,51.282,14.541,2,1
Klamath Marsh,2019,Feb,99.719,NA,20.429,4.795,74.495,1,2
Klamath Marsh,2019,Mar,99.973,NA,17.82,4.293,77.86,1,3
Klamath Marsh,2019,Apr,23.383,15.521,0.004,23.3,0.078,2,4
Klamath Marsh,2019,May,5.709,3.339,0,5.681,0.028,2,5
Klamath Marsh,2019,Jun,3.64,2.535,0,3.627,0.013,2,6
Klamath Marsh,2019,Jul,5.049,2.032,0,5.02,0.029,4,7
Klamath Marsh,2019,Aug,9.314,8.81,0,9.304,0.01,3,8
Klamath Marsh,2019,Sep,11.539,NA,0,11.539,0,1,9
Klamath Marsh,2019,Oct,30.27,10.686,0,30.27,0,2,10
Klamath Marsh,2019,Nov,17.319,NA,0,17.265,0.055,1,11
Klamath Marsh,2020,Feb,64.948,NA,2.139,45.363,17.446,1,2
Klamath Marsh,2020,Apr,17.494,16.672,0.005,17.395,0.094,4,4
Klamath Marsh,2020,May,5.38,2.285,0,5.38,0,2,5
Klamath Marsh,2020,Jun,0.729,NA,0,0.729,0,1,6
Klamath Marsh,2020,Jul,1.757,0.177,0,1.753,0.004,4,7
Klamath Marsh,2020,Aug,1.288,NA,0,1.288,0,1,8
Klamath Marsh,2020,Sep,22.678,19.556,0,22.674,0.004,3,9
Klamath Marsh,2020,Oct,30.828,11.199,0,30.828,0.001,3,10
Klamath Marsh,2020,Nov,92.095,7.793,16.741,49.429,25.925,2,11
Klamath Marsh,2021,Jan,60.914,NA,3.093,50.994,6.826,1,1
Klamath Marsh,2021,Feb,78.196,14.315,6.066,58.555,13.575,2,2
Klamath Marsh,2021,Mar,58.133,19.747,1.176,51.402,5.555,3,3
Klamath Marsh,2021,Apr,14.023,9.633,0,14.021,0.003,4,4
Klamath Marsh,2021,May,2.539,1.075,0,2.532,0.007,2,5
Klamath Marsh,2021,Jun,1.24,0.285,0,1.238,0.002,2,6
Klamath Marsh,2021,Jul,4.335,2.544,0,4.325,0.01,3,7
Klamath Marsh,2021,Aug,9.338,5.686,0,9.333,0.004,4,8
Klamath Marsh,2021,Sep,17.654,14.294,0,17.653,0.001,3,9
Klamath Marsh,2021,Oct,16.279,NA,0,16.279,0,1,10
Klamath Marsh,2021,Nov,35.91,17.844,0,35.905,0.005,2,11
Klamath Marsh,2021,Dec,71.978,NA,0,71.978,0,1,12
Klamath Marsh,2022,Jan,96.18,1.459,37.509,33.56,25.111,2,1
Klamath Marsh,2022,Feb,96.228,1.43,36.277,31.846,28.105,4,2
Klamath Marsh,2022,Mar,57.693,34.822,9.844,34.967,12.882,2,3
Klamath Marsh,2022,Apr,18.856,7.309,0,18.845,0.01,2,4
Klamath Marsh,2022,May,30.346,37.291,0.002,30.344,0,2,5
Klamath Marsh,2022,Jun,1.328,0.632,0,1.324,0.004,3,6
Klamath Marsh,2022,Jul,1.386,1.038,0,1.372,0.014,5,7
Klamath Marsh,2022,Aug,2.053,0.846,0,2.051,0.002,8,8
Klamath Marsh,2022,Sep,6.095,4.097,0,6.094,0,4,9
Klamath Marsh,2022,Oct,11.004,7.698,0,11.004,0,6,10
Klamath Marsh,2022,Nov,89.288,5.479,27.91,37.968,23.41,2,11
Klamath Marsh,2023,Jan,88.73,3.382,31.157,35.662,21.911,2,1
Klamath Marsh,2023,Feb,87.749,NA,36.467,18.501,32.781,1,2
Klamath Marsh,2023,Mar,97.904,NA,35.35,4.013,58.54,1,3
Klamath Marsh,2023,Apr,23.063,19.296,0.037,21.864,1.162,2,4
Klamath Marsh,2023,May,5.685,4.613,0,5.675,0.011,3,5
Klamath Marsh,2023,Jun,3.972,3.168,0,3.963,0.01,5,6
Klamath Marsh,2023,Jul,1.542,0.765,0,1.534,0.008,7,7
Klamath Marsh,2023,Aug,4.128,1.905,0,4.128,0,6,8
Klamath Marsh,2023,Sep,17.102,18.01,0,17.102,0,2,9
Klamath Marsh,2023,Oct,28.879,25.577,0,28.87,0.009,4,10
Klamath Marsh,2023,Nov,45.149,NA,0,45.064,0.085,1,11
Klamath Marsh,2023,Dec,76.83,10.266,0.102,76.279,0.449,2,12
Klamath Marsh,2024,Jan,90.746,NA,3.533,76.246,10.967,1,1
Klamath Marsh,2024,Feb,65.652,NA,6.373,55.211,4.069,1,2
Klamath Marsh,2024,Apr,11.501,NA,0,11.501,0,1,4
Klamath Marsh,2024,May,5.104,2.694,0,5.1,0.004,5,5
Klamath Marsh,2024,Jun,1.298,0.427,0,1.298,0,2,6
Klamath Marsh,2024,Jul,2.908,2.038,0,2.907,0.001,8,7
Klamath Marsh,2024,Aug,7.564,6.734,0,7.563,0.001,5,8
Klamath Marsh,2024,Sep,9.473,7.396,0,9.472,0,7,9
Klamath Marsh,2024,Oct,19.067,27.168,0,19.067,0,4,10
Klamath Marsh,2024,Nov,51.033,3.762,0.45,49.734,0.849,2,11
Klamath Marsh,2024,Dec,92.809,4.734,40.018,28.413,24.378,4,12
Klamath Marsh,2025,Jan,86.19,2.264,25.435,42.267,18.488,5,1
Klamath Marsh,2025,Feb,95.826,3.273,37.088,19.052,39.687,5,2
Klamath Marsh,2025,Mar,91.447,3.019,21.693,23.47,46.284,2,3
Klamath Marsh,2025,Apr,37.487,22.137,0.061,36.669,0.757,3,4
Klamath Marsh,2025,May,12.943,10.055,0,12.212,0.732,3,5
Klamath Marsh,2025,Jun,7.081,3.961,0,7.074,0.006,7,6
Klamath Marsh,2025,Jul,4.584,3.056,0,4.573,0.011,6,7
Klamath Marsh,2025,Aug,4.961,3.231,0,4.96,0,5,8
Klamath Marsh,2025,Sep,4.367,1.526,0,4.367,0,5,9
Klamath Marsh,2025,Oct,7.605,NA,0,7.605,0,1,10
Klamath Marsh,2025,Nov,49.68,29.798,0,49.678,0.002,2,11
Klamath Marsh,2025,Dec,70.229,21.904,13.074,46.732,10.423,4,12
Upper Klamath Lake,2013,Mar,64.218,NA,0.991,61.371,1.856,1,3
Upper Klamath Lake,2013,Apr,55.635,4.283,0.278,53.944,1.413,2,4
Upper Klamath Lake,2013,May,56.349,8.092,0.002,55.84,0.507,2,5
Upper Klamath Lake,2013,Jun,25.06,29.195,0,24.801,0.259,2,6
Upper Klamath Lake,2013,Jul,42.495,7.924,0,41.815,0.68,5,7
Upper Klamath Lake,2013,Aug,35.672,15.714,0.009,34.96,0.703,4,8
Upper Klamath Lake,2013,Sep,34.338,24.753,0.002,33.985,0.352,3,9
Upper Klamath Lake,2013,Oct,50.946,9.862,0.001,50.733,0.213,2,10
Upper Klamath Lake,2013,Nov,50.538,5.262,0.04,50.21,0.288,3,11
Upper Klamath Lake,2013,Dec,79.245,22.959,35.172,21.883,22.189,4,12
Upper Klamath Lake,2014,Jan,72.898,2.612,14.581,54.482,3.835,4,1
Upper Klamath Lake,2014,Feb,72.97,0.44,0.887,69.815,2.268,2,2
Upper Klamath Lake,2014,Mar,15.464,NA,0.03,15.392,0.041,1,3
Upper Klamath Lake,2014,Apr,38.911,23.243,0.204,37.224,1.483,3,4
Upper Klamath Lake,2014,May,59.549,4.544,0.131,58.087,1.331,2,5
Upper Klamath Lake,2014,Jun,56.966,27.715,0.059,55.757,1.149,3,6
Upper Klamath Lake,2014,Jul,46.274,2.885,0.018,45.037,1.22,4,7
Upper Klamath Lake,2014,Aug,67.699,28.125,0.044,66.933,0.722,3,8
Upper Klamath Lake,2014,Sep,39.366,5.226,0.029,38.75,0.587,2,9
Upper Klamath Lake,2014,Oct,42.775,8.319,0.017,42.306,0.452,5,10
Upper Klamath Lake,2015,Jan,66.94,2.352,0.516,64.805,1.619,3,1
Upper Klamath Lake,2015,Feb,54.44,9.305,0.178,53.075,1.186,3,2
Upper Klamath Lake,2015,Mar,52.264,37.082,0.363,50.101,1.8,3,3
Upper Klamath Lake,2015,Apr,36.445,20.294,0,36.164,0.28,2,4
Upper Klamath Lake,2015,May,17.113,NA,0.019,16.963,0.131,1,5
Upper Klamath Lake,2015,Jun,52.426,4.818,0.092,50.619,1.715,2,6
Upper Klamath Lake,2015,Jul,44.649,4.465,0.051,43.742,0.855,4,7
Upper Klamath Lake,2015,Aug,53.702,1.53,0.399,50.785,2.518,2,8
Upper Klamath Lake,2015,Sep,60.28,34.603,0.213,59.124,0.943,3,9
Upper Klamath Lake,2015,Oct,56.622,5.253,0.125,55.554,0.943,4,10
Upper Klamath Lake,2015,Nov,55.386,3.639,0.039,55.009,0.338,3,11
Upper Klamath Lake,2016,Mar,43.293,31.452,1.023,38.615,3.656,3,3
Upper Klamath Lake,2016,Apr,53.042,40.422,3.434,40.043,9.564,3,4
Upper Klamath Lake,2016,May,50.946,3.799,0.193,48.994,1.759,4,5
Upper Klamath Lake,2016,Jun,58.681,NA,0,55.807,2.873,1,6
Upper Klamath Lake,2016,Jul,49.173,4.913,0.131,46.971,2.072,4,7
Upper Klamath Lake,2016,Aug,49.913,3.351,0.076,48.7,1.138,4,8
Upper Klamath Lake,2016,Sep,46.938,NA,0,46.541,0.397,1,9
Upper Klamath Lake,2016,Oct,49.441,6.117,0,49.228,0.213,2,10
Upper Klamath Lake,2016,Nov,65.63,3.518,0.02,65.191,0.419,2,11
Upper Klamath Lake,2017,Jan,98.705,NA,64.083,3.846,30.776,1,1
Upper Klamath Lake,2017,Mar,91.308,0.786,22.672,39.446,29.19,2,3
Upper Klamath Lake,2017,Apr,65.179,3.138,1.609,57.43,6.14,2,4
Upper Klamath Lake,2017,May,50.878,3.07,0.533,47.776,2.569,4,5
Upper Klamath Lake,2017,Jun,47.405,4.741,0.051,46.711,0.643,4,6
Upper Klamath Lake,2017,Jul,44.035,3.474,0.042,41.797,2.196,2,7
Upper Klamath Lake,2017,Aug,61.907,6.614,0.069,57.818,4.02,4,8
Upper Klamath Lake,2017,Sep,59.104,3.503,0.219,56.481,2.404,2,9
Upper Klamath Lake,2017,Oct,54.077,7.658,0.004,52.385,1.688,3,10
Upper Klamath Lake,2017,Dec,80.886,0.524,0.291,78.757,1.839,2,12
Upper Klamath Lake,2018,Apr,53.252,4.902,0.597,49.624,3.032,2,4
Upper Klamath Lake,2018,May,53.777,4.902,0.145,52.365,1.267,2,5
Upper Klamath Lake,2018,Jun,49.242,3.008,0.223,47.59,1.429,3,6
Upper Klamath Lake,2018,Jul,50.383,8.475,0.042,48.448,1.892,4,7
Upper Klamath Lake,2018,Aug,51.731,3.228,0,50.893,0.838,3,8
Upper Klamath Lake,2018,Sep,70.771,NA,0.13,67.898,2.743,1,9
Upper Klamath Lake,2018,Oct,53.719,7.141,0.037,53.036,0.646,4,10
Upper Klamath Lake,2018,Nov,71.582,2.559,0,71.519,0.063,2,11
Upper Klamath Lake,2019,Jan,85.86,2.035,17.918,51.891,16.051,2,1
Upper Klamath Lake,2019,Apr,43.763,32.464,0.187,42.338,1.238,3,4
Upper Klamath Lake,2019,May,55.868,3.845,0.186,53.897,1.784,2,5
Upper Klamath Lake,2019,Jun,53.087,4.605,0.009,52.519,0.559,2,6
Upper Klamath Lake,2019,Jul,52.136,4.5,0.092,50.193,1.85,4,7
Upper Klamath Lake,2019,Aug,48.599,2.973,0.08,46.965,1.553,4,8
Upper Klamath Lake,2019,Sep,51.994,NA,0.011,50.52,1.463,1,9
Upper Klamath Lake,2019,Oct,61.368,NA,0.08,60.433,0.856,1,10
Upper Klamath Lake,2019,Nov,62.246,4.151,0,61.222,1.024,3,11
Upper Klamath Lake,2020,Feb,75.38,1.102,4.157,64.079,7.144,3,2
Upper Klamath Lake,2020,Apr,46.818,20.442,0.538,43.519,2.762,5,4
Upper Klamath Lake,2020,May,33.563,25.253,0.002,33.193,0.368,3,5
Upper Klamath Lake,2020,Jun,46.658,NA,0,45.125,1.533,1,6
Upper Klamath Lake,2020,Jul,45.071,3.891,0.008,44.162,0.902,4,7
Upper Klamath Lake,2020,Sep,53.431,13.415,0.02,52.485,0.926,4,9
Upper Klamath Lake,2020,Oct,57.15,8.838,0.016,56.581,0.554,4,10
Upper Klamath Lake,2020,Nov,81.794,0.75,2.21,76.253,3.332,2,11
Upper Klamath Lake,2020,Dec,75.705,5.995,3.764,68.05,3.89,2,12
Upper Klamath Lake,2021,Jan,73.03,NA,1.476,69.162,2.392,1,1
Upper Klamath Lake,2021,Feb,77.921,0.906,6.961,61.317,9.643,2,2
Upper Klamath Lake,2021,Mar,69.056,6.226,3.321,60.046,5.689,4,3
Upper Klamath Lake,2021,Apr,38.918,26.662,0.401,36.994,1.522,6,4
Upper Klamath Lake,2021,May,44.521,4.998,0.012,44.358,0.151,3,5
Upper Klamath Lake,2021,Jun,37.65,4.372,0.001,37.458,0.191,2,6
Upper Klamath Lake,2021,Jul,43.636,3.098,0.096,42.328,1.212,4,7
Upper Klamath Lake,2021,Aug,47.974,2.728,0.026,47.014,0.934,4,8
Upper Klamath Lake,2021,Sep,51.916,9.706,0.128,50.905,0.883,4,9
Upper Klamath Lake,2021,Oct,26.082,NA,0,25.049,1.033,1,10
Upper Klamath Lake,2021,Nov,60.942,7.961,0.215,60.172,0.556,3,11
Upper Klamath Lake,2021,Dec,55.916,12.201,0,55.542,0.373,2,12
Upper Klamath Lake,2022,Jan,64.445,29.488,8.91,44.754,10.78,3,1
Upper Klamath Lake,2022,Feb,68.313,23.307,5.765,52.06,10.489,7,2
Upper Klamath Lake,2022,Mar,63.961,6.398,1.011,58.93,4.02,5,3
Upper Klamath Lake,2022,Apr,36.76,32.716,0.507,34.088,2.166,4,4
Upper Klamath Lake,2022,May,8.997,5.139,0.005,8.968,0.024,2,5
Upper Klamath Lake,2022,Jun,30.605,17.89,0.013,30.192,0.399,3,6
Upper Klamath Lake,2022,Jul,39.657,6.505,0.288,37.819,1.55,7,7
Upper Klamath Lake,2022,Aug,33.312,16.272,0.028,32.575,0.708,12,8
Upper Klamath Lake,2022,Sep,37.744,17.33,0.031,36.492,1.221,5,9
Upper Klamath Lake,2022,Oct,45.994,12.862,0.043,45.434,0.517,8,10
Upper Klamath Lake,2022,Nov,78.301,6.008,8.373,61.736,8.192,4,11
Upper Klamath Lake,2022,Dec,18.939,NA,0,0,18.939,1,12
Upper Klamath Lake,2023,Jan,67.586,27.23,6.078,50.493,11.015,4,1
Upper Klamath Lake,2023,Feb,66.69,19.026,8.568,41.362,16.761,2,2
Upper Klamath Lake,2023,Mar,88.929,NA,2.913,9.616,76.4,1,3
Upper Klamath Lake,2023,Apr,45.798,30.798,1.48,40.357,3.962,3,4
Upper Klamath Lake,2023,May,44.667,22.694,0.295,42.792,1.58,5,5
Upper Klamath Lake,2023,Jun,47.962,15.296,0.299,46.09,1.573,7,6
Upper Klamath Lake,2023,Jul,38.579,15.431,0.074,37.376,1.128,7,7
Upper Klamath Lake,2023,Aug,47.304,3.32,0.011,46.543,0.75,6,8
Upper Klamath Lake,2023,Sep,36.979,22.379,0,36.618,0.361,3,9
Upper Klamath Lake,2023,Oct,51.13,7.302,0.042,50.49,0.598,5,10
Upper Klamath Lake,2023,Nov,64.519,2.856,0.247,62.617,1.655,2,11
Upper Klamath Lake,2023,Dec,74.297,16.308,0.324,72.726,1.247,4,12
Upper Klamath Lake,2024,Feb,53.662,33.266,1.336,49.784,2.541,2,2
Upper Klamath Lake,2024,Apr,14.362,NA,0,14.362,0,1,4
Upper Klamath Lake,2024,May,40.858,21.659,0.122,39.868,0.868,8,5
Upper Klamath Lake,2024,Jun,47.247,5.124,0.012,46.369,0.866,3,6
Upper Klamath Lake,2024,Jul,40.086,19.318,0.003,39.345,0.738,10,7
Upper Klamath Lake,2024,Aug,50.864,26.951,0,49.225,1.639,6,8
Upper Klamath Lake,2024,Sep,46.768,16.376,0,46.087,0.682,9,9
Upper Klamath Lake,2024,Oct,46.369,4.203,0,45.953,0.416,4,10
Upper Klamath Lake,2024,Nov,65.082,8.033,0.585,61.178,3.319,3,11
Upper Klamath Lake,2024,Dec,71.381,17.301,9.65,52.845,8.885,4,12
Upper Klamath Lake,2025,Jan,53.533,25.914,2.389,46.686,4.458,6,1
Upper Klamath Lake,2025,Feb,90.535,15.003,43.453,24.839,22.243,6,2
Upper Klamath Lake,2025,Mar,54.175,38.5,5.324,32.692,16.159,4,3
Upper Klamath Lake,2025,Apr,35.206,32.307,0.74,32.133,2.333,4,4
Upper Klamath Lake,2025,May,47.598,19.409,0.339,45.086,2.172,6,5
Upper Klamath Lake,2025,Jun,55.716,14.633,0.038,52.925,2.753,9,6
Upper Klamath Lake,2025,Jul,49.937,4.758,0.044,47.603,2.289,7,7
Upper Klamath Lake,2025,Aug,45.789,13.733,0.056,43.252,2.481,7,8
Upper Klamath Lake,2025,Sep,40.295,11.299,0.059,38.33,1.906,6,9
Upper Klamath Lake,2025,Oct,53.558,4.341,1.473,46.01,6.076,2,10
Upper Klamath Lake,2025,Nov,55.754,15.995,0.044,53.99,1.72,5,11
Upper Klamath Lake,2025,Dec,59.443,23.549,3.16,52.716,3.567,6,12
