area,year,month,mean_total_water,sd_total_water,mean_class1,mean_class2,mean_class3,n
Tule Lake,2016,Oct,12.624,0.984,0,11.67,0.953,2
Tule Lake,2016,Nov,12.512,NA,0,11.667,0.845,1
Tule Lake,2017,Jan,99.988,NA,96.974,0.235,2.78,1
Tule Lake,2017,Mar,18.957,NA,0.003,17.763,1.191,1
Tule Lake,2017,Apr,11.305,NA,0,10.986,0.32,1
Tule Lake,2017,May,12.445,0.699,0.002,11.913,0.53,3
Tule Lake,2017,Jun,13.255,0.366,0.015,12.083,1.158,3
Tule Lake,2017,Jul,13.019,0.446,0.005,11.176,1.839,2
Tule Lake,2017,Aug,13.543,0.529,0.011,11.64,1.893,4
Tule Lake,2017,Sep,13.45,0.383,0.002,12.017,1.431,2
Tule Lake,2017,Oct,12.012,0.063,0,11.16,0.851,2
Tule Lake,2017,Dec,23.023,4.406,0.002,22.075,0.946,2
Tule Lake,2018,Apr,12.065,NA,0,11.639,0.426,1
Tule Lake,2018,May,11.908,NA,0,11.26,0.647,1
Tule Lake,2018,Jun,13.058,0.182,0.165,10.654,2.239,3
Tule Lake,2018,Jul,12.538,0.223,0.018,10.49,2.03,4
Tule Lake,2018,Aug,11.787,1.125,0.03,10.758,0.999,4
Tule Lake,2018,Sep,9.089,4.025,0,8.51,0.579,2
Tule Lake,2018,Oct,10.825,2.638,0,10.284,0.541,3
Tule Lake,2018,Nov,12.087,NA,0,11.336,0.751,1
Tule Lake,2019,Jan,17.177,1.891,0.001,16.634,0.542,2
Tule Lake,2019,Mar,12.485,NA,0.01,12.395,0.08,1
Tule Lake,2019,Apr,11.656,0.229,0,11.599,0.057,2
Tule Lake,2019,May,11.602,0.369,0,11.565,0.037,2
Tule Lake,2019,Jun,12.708,0.948,0.147,11.039,1.522,3
Tule Lake,2019,Jul,13.188,0.33,0.015,11.427,1.745,4
Tule Lake,2019,Aug,13.416,0.512,0.008,12.339,1.068,4
Tule Lake,2019,Sep,10.995,2.872,0,8.776,2.219,3
Tule Lake,2019,Oct,13.372,2.117,0,11.378,1.994,3
Tule Lake,2019,Nov,13.214,1.292,0,12.364,0.85,2
Tule Lake,2020,Feb,14.702,1.696,0,13.985,0.717,2
Tule Lake,2020,Apr,11.407,0.447,0,10.782,0.625,3
Tule Lake,2020,May,10.784,1.342,0.001,10.112,0.671,2
Tule Lake,2020,Jun,12.966,2.124,0.014,10.91,2.042,2
Tule Lake,2020,Jul,9.908,0.693,0.01,8.368,1.53,4
Tule Lake,2020,Aug,6.966,2.858,0.118,6.066,0.782,2
Clear Lake,2016,Oct,12.023,0.495,0,9.709,2.314,2
Clear Lake,2016,Nov,15.401,NA,0,14.191,1.21,1
Clear Lake,2017,Jan,99.843,NA,89.475,1.033,9.335,1
Clear Lake,2017,Mar,77.814,NA,13.185,27.789,36.84,1
Clear Lake,2017,Apr,16.261,NA,0,16.107,0.154,1
Clear Lake,2017,May,19.835,1.725,0.018,19.667,0.15,3
Clear Lake,2017,Jun,12.222,8.393,0.033,12.071,0.118,3
Clear Lake,2017,Jul,13.822,4.345,0.043,13.682,0.096,2
Clear Lake,2017,Aug,17.848,1.253,0,17.714,0.133,4
Clear Lake,2017,Sep,18.202,2.355,0,18.061,0.141,2
Clear Lake,2017,Oct,17.68,1.211,0,17.547,0.133,2
Clear Lake,2017,Dec,75.456,12.744,1.898,54.594,18.964,2
Clear Lake,2018,Apr,15.513,NA,0.001,15.38,0.132,1
Clear Lake,2018,May,13.193,NA,0.001,13.092,0.1,1
Clear Lake,2018,Jun,13.254,3.446,0.001,13.118,0.136,3
Clear Lake,2018,Jul,16.74,1.28,0,16.677,0.062,4
Clear Lake,2018,Aug,18.52,3.945,0,18.47,0.05,4
Clear Lake,2018,Sep,13.548,4.283,0,13.492,0.056,2
Clear Lake,2018,Oct,17.598,0.931,0,17.554,0.044,3
Clear Lake,2018,Nov,17.207,NA,0,17.154,0.053,1
Clear Lake,2019,Jan,48.784,26.931,3.463,32.778,12.543,2
Clear Lake,2019,Mar,41.773,NA,9.029,22.535,10.21,1
Clear Lake,2019,Apr,18.202,0.654,0.003,17.986,0.213,2
Clear Lake,2019,May,19.085,1.012,0,18.895,0.19,2
Clear Lake,2019,Jun,16.52,1.802,0,16.25,0.269,3
Clear Lake,2019,Jul,13.878,3.65,0,13.725,0.154,4
Clear Lake,2019,Aug,16.196,7.412,0,16.137,0.058,4
Clear Lake,2019,Sep,16.302,2.751,0,16.262,0.04,3
Clear Lake,2019,Oct,22.827,10.147,0,22.788,0.04,3
Clear Lake,2019,Nov,21.917,4.207,0,21.901,0.015,2
Clear Lake,2020,Feb,22.274,3.076,0,22.179,0.096,2
Clear Lake,2020,Apr,15.798,2.838,0,15.74,0.058,3
Clear Lake,2020,May,14.745,1.293,0,14.718,0.027,2
Clear Lake,2020,Jun,9.914,8.32,0.001,9.885,0.028,2
Clear Lake,2020,Jul,16.798,1.525,0,16.744,0.055,4
Clear Lake,2020,Aug,14.809,0.486,0,14.751,0.059,2
Bear Valley,2016,Oct,21.905,NA,0,21.905,0,1
Bear Valley,2016,Nov,56.682,NA,0,56.682,0,1
Bear Valley,2017,Mar,96.92,NA,22.032,10.63,64.257,1
Bear Valley,2017,Apr,32.727,NA,1.423,24.741,6.564,1
Bear Valley,2017,May,8.31,1.533,0.04,8.222,0.049,2
Bear Valley,2017,Jun,9.468,1.91,0,9.463,0.004,2
Bear Valley,2017,Jul,9.137,NA,0,9.134,0.003,1
Bear Valley,2017,Aug,34.513,18.151,0,34.513,0,2
Bear Valley,2017,Sep,34.623,NA,0,34.623,0,1
Bear Valley,2017,Oct,39.4,NA,0,39.4,0,1
Bear Valley,2017,Dec,74.282,NA,3.531,69.341,1.411,1
Bear Valley,2018,Apr,18.261,NA,0.004,18.203,0.054,1
Bear Valley,2018,May,20.053,NA,0,20.053,0,1
Bear Valley,2018,Jun,17.353,11.195,0,17.353,0,2
Bear Valley,2018,Jul,30.559,30.966,0,30.559,0,2
Bear Valley,2018,Aug,22.292,1.307,0,22.292,0,2
Bear Valley,2018,Oct,39.127,19.83,0,39.127,0,2
Bear Valley,2019,Jan,79.694,NA,22.879,39.581,17.234,1
Bear Valley,2019,Apr,21.89,NA,0.002,21.753,0.134,1
Bear Valley,2019,May,19.506,NA,0,19.494,0.012,1
Bear Valley,2019,Jun,14.525,NA,0,14.524,0.001,1
Bear Valley,2019,Jul,27.993,5.891,0,27.993,0,2
Bear Valley,2019,Aug,17.971,0.069,0,17.969,0.001,2
Bear Valley,2019,Sep,32.139,NA,0,32.139,0,1
Bear Valley,2019,Oct,69.777,NA,0,69.774,0.004,1
Bear Valley,2019,Nov,62.057,22.281,0,62.057,0,2
Bear Valley,2020,Feb,78.39,4.204,12.527,48.009,17.854,2
Bear Valley,2020,Apr,30.22,18.101,0.707,27.071,2.442,2
Bear Valley,2020,May,17.124,NA,0,17.122,0.001,1
Bear Valley,2020,Jun,22.398,NA,0,22.398,0,1
Bear Valley,2020,Jul,15.049,3.835,0,15.042,0.007,2
Lower Klamath Sheepy,2016,Oct,12.07,1.225,0,11.768,0.301,2
Lower Klamath Sheepy,2016,Nov,14.212,NA,0.001,13.518,0.692,1
Lower Klamath Sheepy,2017,Jan,99.907,NA,94.131,0.813,4.963,1
Lower Klamath Sheepy,2017,Mar,42.8,NA,0.013,36.092,6.695,1
Lower Klamath Sheepy,2017,Apr,29.725,NA,0.001,27.021,2.704,1
Lower Klamath Sheepy,2017,May,16.286,1.71,0.001,14.499,1.786,3
Lower Klamath Sheepy,2017,Jun,12.555,2.639,0.018,11.187,1.35,3
Lower Klamath Sheepy,2017,Jul,7.602,1.299,0.017,6.879,0.706,2
Lower Klamath Sheepy,2017,Aug,5.402,0.57,0.01,4.528,0.864,4
Lower Klamath Sheepy,2017,Sep,5.62,1.476,0.01,4.824,0.785,2
Lower Klamath Sheepy,2017,Oct,13.664,5.004,0.001,12.224,1.44,2
Lower Klamath Sheepy,2017,Dec,30.035,23.188,0.46,20.333,9.243,2
Lower Klamath Sheepy,2018,Apr,21.903,NA,0.001,19.633,2.27,1
Lower Klamath Sheepy,2018,May,16.478,NA,0,14.934,1.543,1
Lower Klamath Sheepy,2018,Jun,10.42,1.873,0.021,9.351,1.048,3
Lower Klamath Sheepy,2018,Jul,5.187,0.725,0.028,4.389,0.771,4
Lower Klamath Sheepy,2018,Aug,4.424,2.152,0.001,3.634,0.789,4
Lower Klamath Sheepy,2018,Sep,3.182,0.88,0,2.852,0.33,2
Lower Klamath Sheepy,2018,Oct,7.238,2.69,0.001,6.798,0.439,3
Lower Klamath Sheepy,2018,Nov,8.329,NA,0.001,7.219,1.109,1
Lower Klamath Sheepy,2019,Jan,17.56,6.846,0.019,16.501,1.04,2
Lower Klamath Sheepy,2019,Mar,23.101,NA,0.039,20.784,2.279,1
Lower Klamath Sheepy,2019,Apr,23.284,0.486,0.001,22.36,0.923,2
Lower Klamath Sheepy,2019,May,15.611,1.12,0,14.659,0.952,2
Lower Klamath Sheepy,2019,Jun,15.224,0.703,0.01,13.978,1.237,3
Lower Klamath Sheepy,2019,Jul,9.981,1.375,0.007,8.802,1.172,4
Lower Klamath Sheepy,2019,Aug,6.903,0.715,0.001,6.236,0.667,4
Lower Klamath Sheepy,2019,Sep,6.049,0.68,0,5.615,0.434,3
Lower Klamath Sheepy,2019,Oct,10.665,2.262,0,9.894,0.771,3
Lower Klamath Sheepy,2019,Nov,16.102,3.697,0.001,15.07,1.031,2
Lower Klamath Sheepy,2020,Feb,31.586,0.76,0.003,28.953,2.63,2
Lower Klamath Sheepy,2020,Apr,20.31,2.275,0,19.031,1.278,3
Lower Klamath Sheepy,2020,May,14.143,1.119,0.004,13.139,1,2
Lower Klamath Sheepy,2020,Jun,10.619,0.332,0.049,9.789,0.781,2
Lower Klamath Sheepy,2020,Jul,6.105,1.127,0.016,5.4,0.689,4
Lower Klamath Sheepy,2020,Aug,2.352,1.839,0,2.115,0.236,2
